interval,column,z,xe,dkappa
1,xe,0.020708471926684516,-0.042351360723747317,-1.5269613596242353e-08
1,dkappa,0.020708287445616966,-0.04235136068983715,-1.5269613608470832e-08
2,xe,0.035709979603208201,0.011576317662777787,4.1792579524697728e-09
2,dkappa,0.035710678632125972,0.011576317532326694,4.1792579995099378e-09
3,xe,0.050711451491724312,-0.0028734997364379244,-1.0294585205787389e-09
3,dkappa,0.050708804251408453,-0.0028734992350455462,-1.0294587014124343e-09
4,xe,0.065713057734083646,0.00099837800344449172,3.6884440510533092e-10
4,dkappa,0.065723094372183669,0.00099837607364337702,3.6884510062401855e-10
5,xe,0.08071415972425279,-3.902732465003799e-05,-3.1596271245801371e-12
5,dkappa,0.080676307618711696,-3.9019950228886787e-05,-3.162291979522443e-12
6,xe,0.09571715397641907,0.00023900612074000352,9.9227567770686452e-11
6,dkappa,0.095862688924638853,0.00023897720858434798,9.9237909093756695e-11
7,xe,0.11071305123784667,0.00016456912268030823,7.4539756547376712e-11
7,dkappa,0.1101917410674593,0.00016467225279900442,7.450152301263125e-11
8,xe,0.12573559109940174,0.00018457664703519275,8.3943947395330585e-11
8,dkappa,0.12837650208056448,0.00018398845111062027,8.4119864513502882e-11
9,xe,0.14065857310313129,0.00017927798391190265,8.4238238090616255e-11
9,dkappa,0.13530199525345069,0.00018026680571880165,8.379984748795796e-11
10,xe,0.15595982329280297,0.00018076095659152881,8.7065314097039917e-11
11,xe,0.1699044248782576,0.00018042496147523896,8.9060897169668839e-11
